Id,OverallQual,Average Price/SqFt
534,1,117.6646706586826347
1101,2,136.9863013698630137
917,2,73.5645833333333333
30,4,131.7307692307692308
529,4,142.1487603305785124
697,5,144.4805194805194805
435,4,128.5714285714285714
490,4,136.5079365079365079
615,4,119.8412698412698413
650,4,134.1269841269841270
1040,4,126.9841269841269841
1450,5,146.0317460317460317
403,5,160.7142857142857143
1213,4,168.1547619047619048
1002,5,124.4573082489146165
1338,4,75.7575757575757576
439,5,130.1873198847262248
1124,5,169.0544412607449857
1324,4,116.5254237288135593
354,6,147.0833333333333333
496,4,48.4722222222222222
1322,3,100.6944444444444444
711,3,71.3305898491083676
69,4,107.0950468540829987
936,4,106.9611780455153949
373,6,166.2234042553191489
126,6,112.0689655172413793
265,5,95.5497382198952880
544,7,173.4028683181225554
548,5,168.6197916666666667
953,5,174.3489583333333333
1407,5,173.1770833333333333
798,5,142.3027166882276843
1327,3,102.0671834625322997
269,5,154.8843187660668380
60,5,160.1282051282051282
384,6,96.9387755102040816
827,5,139.6683673469387755
394,4,126.9035532994923858
108,5,145.7541191381495564
515,5,122.3067173637515843
1377,6,115.1898734177215190
678,5,138.2575757575757576
639,5,106.7839195979899497
1326,4,69.0954773869346734
637,2,75.0000000000000000
326,5,108.3437110834371108
1429,5,148.0099502487562189
451,6,135.3013530135301353
53,5,134.8039215686274510
275,5,152.5735294117647059
583,6,145.2205882352941176
593,5,169.1176470588235294
1113,5,159.1911764705882353
1154,6,147.6715686274509804
1328,5,159.9264705882352941
1333,4,122.5490196078431373
549,5,151.5151515151515152
533,5,129.9879081015719468
618,6,126.8028846153846154
1115,5,140.4561824729891957
1408,5,134.4537815126050420
99,5,99.4011976047904192
587,6,155.1312649164677804
128,5,103.5714285714285714
342,4,97.5029726516052319
72,4,153.2544378698224852
1036,4,99.4082840236686391
204,6,175.7075471698113208
594,6,165.0943396226415094
691,6,166.2735849056603774
722,6,168.6320754716981132
812,6,170.4009433962264151
851,6,155.0707547169811321
1079,6,183.8443396226415094
1369,6,169.8113207547169811
1423,6,160.9669811320754717
1442,6,176.0613207547169811
16,7,154.5667447306791569
288,4,102.5641025641025641
771,5,157.2261072261072261
901,4,128.2051282051282051
961,5,135.7808857808857809
588,5,159.3023255813953488
309,4,95.8188153310104530
141,4,133.1018518518518519
195,5,146.9907407407407407
211,5,113.4259259259259259
224,4,112.2685185185185185
278,4,163.1944444444444444
463,5,72.2025462962962963
513,5,150.3472222222222222
538,4,128.7615740740740741
572,6,138.8888888888888889
621,3,77.5462962962962963
723,4,144.0972222222222222
726,4,139.4675925925925926
761,6,147.5694444444444444
848,5,154.5138888888888889
880,5,157.9861111111111111
951,5,149.3055555555555556
1201,4,134.3171296296296296
1258,5,115.6250000000000000
1295,5,133.1018518518518519
1340,5,148.7268518518518519
1381,3,67.7083333333333333
1437,4,139.4675925925925926
242,5,127.5981524249422633
977,4,98.3889528193325662
1341,4,141.0550458715596330
1253,5,148.7414187643020595
147,5,120.0000000000000000
164,4,117.0068027210884354
260,5,109.9773242630385488
393,5,120.7482993197278912
1026,5,127.5510204081632653
43,5,162.8959276018099548
495,5,103.0474040632054176
885,5,112.1076233183856502
1357,5,123.3183856502242152
1070,5,151.1758118701007839
234,5,143.4004474272930649
304,5,167.6733780760626398
397,5,137.5838926174496644
699,5,154.9217002237136465
778,5,159.3959731543624161
871,5,122.4832214765100671
979,4,123.0425055928411633
1062,3,90.6040268456375839
1118,5,145.4138702460850112
1163,5,144.2953020134228188
1216,5,139.8210290827740492
499,5,144.6051167964404894
27,5,149.7777777777777778
289,5,135.5555555555555556
1393,5,136.6666666666666667
789,4,119.7558268590455050
905,5,139.1352549889135255
909,5,145.2328159645232816
376,1,67.4778761061946903
438,6,131.6371681415929204
710,5,121.5707964601769912
428,4,120.1852260198456450
873,5,127.4725274725274725
13,5,157.8947368421052632
229,5,137.0614035087719298
361,6,171.0526315789473684
500,5,131.5789473684210526
742,6,155.7017543859649123
774,5,125.5482456140350877
1219,4,88.2675438596491228
1221,5,126.0964912280701754
1228,5,161.1842105263157895
1446,6,141.2924424972617744
377,5,161.9256017505470460
973,6,108.3877995642701525
681,6,154.9295774647887324
1177,5,129.4691224268689057
595,5,119.0476190476190476
891,5,133.0086580086580087
1145,4,86.5800865800865801
932,5,127.0270270270270270
527,5,142.2413793103448276
552,5,121.2284482758620690
1050,4,91.2903225806451613
1151,6,133.0472103004291845
590,5,85.0267379679144385
1273,5,146.5240641711229947
822,4,99.3589743589743590
1095,5,137.8205128205128205
1130,5,149.5726495726495726
44,5,138.8592750533049041
570,5,144.1781548250265111
1001,3,86.8644067796610169
735,5,113.9240506329113924
1315,4,125.5274261603375527
1320,4,117.0886075949367089
1102,5,125.7894736842105263
897,4,111.9873817034700315
77,4,142.5945378151260504
1141,5,146.0084033613445378
1444,6,127.1008403361344538
1035,5,125.5241090146750524
1332,5,138.8888888888888889
50,5,132.9842931937172775
127,6,133.6116910229645094
347,6,158.1419624217118998
1432,6,150.0521920668058455
98,4,98.6979166666666667
714,4,134.3750000000000000
1123,4,116.6666666666666667
1214,4,151.0416666666666667
1346,4,113.0208333333333333
93,5,169.6058091286307054
952,5,124.2487046632124352
180,5,103.3057851239669421
969,3,39.1528925619834711
1433,4,66.6322314049586777
151,5,125.9029927760577915
476,5,136.5979381443298969
720,5,132.3377960865087539
312,6,135.8024691358024691
1132,5,95.9958932238193018
623,5,137.7551020408163265
807,5,138.2653061224489796
955,6,130.1020408163265306
646,6,146.0244648318042813
1006,5,152.1827411167512690
1136,6,103.4482758620689655
228,6,107.3961499493414387
233,6,95.7446808510638298
236,6,90.6788247213779129
364,6,119.5542046605876393
431,6,86.5248226950354610
838,6,101.3171225937183384
1379,6,84.0932117527862209
76,4,92.1052631578947368
121,6,182.1862348178137652
423,5,114.3724696356275304
680,5,130.0607287449392713
1250,5,120.4453441295546559
90,4,124.8484848484848485
214,5,157.5757575757575758
1048,5,146.4646464646464646
1080,5,127.2727272727272727
1308,5,139.3939393939393939
563,5,108.4337349397590361
1086,6,147.5903614457831325
485,5,132.6326326326326326
981,7,178.5785785785785786
1215,5,134.6346346346346346
866,5,148.2035928143712575
296,6,142.0737786640079761
17,6,148.4063745019920319
780,6,134.4621513944223108
1126,4,114.4278606965174129
1144,5,79.5228628230616302
817,5,135.9126984126984127
1114,5,133.4325396825396825
1121,6,116.9960474308300395
913,5,86.6995073891625616
1138,5,92.1568627450980392
1014,5,83.1702544031311155
755,6,152.0467836257309942
857,6,143.2748538011695906
414,5,111.8677042801556420
610,4,115.1603498542274052
612,6,143.4108527131782946
395,5,105.4158607350096712
1248,6,164.3133462282398453
862,5,126.5640038498556304
11,5,124.5192307692307692
91,4,105.6730769230769231
157,5,105.2884615384615385
343,3,84.1346153846153846
465,5,119.2307692307692308
607,5,146.1538461538461538
737,3,89.9038461538461538
856,5,122.1153846153846154
877,4,127.1634615384615385
1082,5,127.8846153846153846
1091,3,89.3269230769230769
1120,5,128.5576923076923077
1283,5,144.7115384615384615
1413,4,86.5384615384615385
510,5,119.5965417867435159
813,5,53.6331417624521073
107,4,95.5109837631327603
556,5,107.8244274809160305
647,5,93.7977099236641221
1071,5,128.8167938931297710
997,5,130.0000000000000000
1262,5,122.7619047619047619
819,6,147.3384030418250951
1296,5,131.6539923954372624
130,5,142.4501424501424501
657,5,138.1766381766381766
616,6,130.4554079696394687
1260,6,143.2637571157495256
332,5,131.6287878787878788
412,5,137.3106060606060606
420,5,134.4696969696969697
634,5,132.0075757575757576
635,6,136.3636363636363636
1207,4,101.3257575757575758
39,5,103.1220435193945128
958,5,124.8817407757805109
24,5,122.5471698113207547
25,5,145.2830188679245283
792,6,138.2297551789077213
906,5,120.4139228598306679
84,5,118.7793427230046948
836,4,119.9625117150890347
893,6,144.6629213483146067
551,6,130.9635173058933583
1422,6,119.2703461178671656
473,6,138.0597014925373134
1298,6,130.5970149253731343
1453,5,135.2611940298507463
487,5,145.3867660764212488
694,5,101.0997204100652377
1205,5,142.9236499068901304
10,5,109.5636025998142990
399,5,62.2098421541318477
999,3,84.4939647168059424
1358,5,139.0538033395176252
1459,5,131.8413729128014842
123,6,125.9259259259259259
149,7,130.5555555555555556
514,6,124.0740740740740741
1015,6,110.1663585951940850
74,5,133.4254143646408840
809,5,147.2836095764272560
1098,8,156.2500000000000000
881,5,144.0366972477064220
117,5,127.2893772893772894
210,6,132.7838827838827839
557,5,129.1208791208791209
656,6,80.5860805860805861
706,4,50.3663003663003663
916,4,68.6813186813186813
1008,4,80.5860805860805861
1087,4,76.4652014652014652
648,6,141.6819012797074954
970,6,127.8538812785388128
156,6,72.0802919708029197
1078,5,126.6423357664233577
37,5,132.1786690975387420
863,6,138.5597082953509572
968,5,122.9508196721311475
839,5,131.0282074613284804
208,4,128.1818181818181818
688,7,135.0272232304900181
1064,6,100.1813236627379873
22,7,125.8122743682310469
575,5,125.3381424706943192
784,5,149.0990990990990991
62,5,90.9090909090909091
353,5,85.5085508550855086
1149,7,105.2205220522052205
345,5,76.4388489208633094
270,6,132.9739442946990117
486,5,132.0754716981132075
19,5,142.7289048473967684
1342,6,139.1382405745062837
626,6,143.3691756272401434
773,6,95.7923008057296329
313,5,107.2450805008944544
437,6,103.7567084078711986
1171,6,152.9516994633273703
614,5,131.2500000000000000
868,4,115.1785714285714286
201,4,124.8884924174843889
980,5,123.9964317573595004
1309,5,131.0160427807486631
122,4,89.0471950133570793
1180,5,82.7402135231316726
118,5,137.7777777777777778
388,6,111.1111111111111111
554,4,95.9147424511545293
926,5,155.4174067495559503
1435,5,142.0959147424511545
805,5,104.6099290780141844
1280,4,60.6382978723404255
1297,5,137.4113475177304965
1184,5,106.1946902654867257
480,4,79.1078691423519010
875,5,58.7975243147656941
1021,4,155.4770318021201413
419,5,111.1111111111111111
1103,5,119.0476190476190476
462,7,136.5638766519823789
675,6,123.2394366197183099
696,6,154.7933157431838171
1226,6,127.4165202108963093
751,4,84.6491228070175439
1454,5,74.1228070175438596
1239,6,124.8904469763365469
358,5,117.3380035026269702
396,5,112.7622377622377622
734,5,114.8601398601398601
835,5,122.3339160839160839
947,5,125.0000000000000000
1419,5,108.3916083916083916
791,7,139.9126637554585153
732,7,163.6125654450261780
698,5,107.5783972125435540
864,5,115.4181184668989547
45,5,122.6086956521739130
40,4,71.1805555555555556
300,6,137.5868055555555556
1291,5,156.6840277777777778
1065,5,133.4488734835355286
1386,4,108.7521663778162912
879,5,128.1385281385281385
61,6,136.4421416234887737
1401,6,103.6269430051813472
539,5,136.3244176013805004
324,3,108.4909716251074807
702,7,120.2749140893470790
986,5,107.3883161512027491
843,6,150.1287553648068670
1259,7,162.9502572898799314
357,6,148.2433590402742074
1140,5,123.3933161953727506
1243,7,144.9275362318840580
52,6,97.3639455782312925
1353,6,114.7108843537414966
712,4,87.2461799660441426
718,5,133.2767402376910017
670,4,116.5254237288135593
664,4,116.4267569856054191
450,3,101.4370245139475909
387,5,68.4121621621621622
1234,5,119.5286195286195286
1447,5,132.9124579124579125
1232,5,111.3445378151260504
330,5,65.4362416107382550
971,4,113.2550335570469799
231,6,123.9530988274706868
1104,6,133.5845896147403685
425,6,116.2207357859531773
440,6,91.9732441471571906
802,4,91.8896321070234114
432,6,66.6944908180300501
124,6,128.3569641367806505
155,6,104.1666666666666667
356,6,147.9166666666666667
604,7,125.8333333333333333
739,5,149.1666666666666667
832,7,125.8333333333333333
840,5,108.7500000000000000
937,7,154.0833333333333333
1094,5,121.6666666666666667
1365,7,120.1266666666666667
460,5,91.4380714879467997
776,6,134.5514950166112957
429,7,161.7549668874172185
673,6,136.5894039735099338
730,4,85.2649006622516556
1000,7,170.5298013245033113
1222,5,110.6523534269199009
212,6,153.4653465346534653
263,6,124.5874587458745875
1199,7,146.8646864686468647
137,5,117.7924217462932455
503,5,115.3212520593080725
1405,3,86.4909390444810544
340,6,127.5720164609053498
484,6,134.8684210526315789
576,5,97.4506578947368421
187,7,142.1528348397699260
244,6,98.6031224322103533
501,6,92.7750410509031199
508,6,171.0180623973727422
1030,6,96.8801313628899836
1220,6,75.1231527093596059
1390,6,107.5533661740558292
772,4,83.6065573770491803
1022,7,159.0163934426229508
1186,5,85.9131859131859132
1455,7,151.5151515151515152
830,7,120.5233033524121014
88,6,134.3954248366013072
189,5,125.2753267973856209
915,6,141.9387254901960784
1178,6,93.9542483660130719
1194,6,134.8039215686274510
1233,4,83.1699346405228758
100,4,105.2653061224489796
104,7,162.2349102773246330
32,5,121.6205211726384365
713,8,153.9087947882736156
918,4,109.8454027664768104
957,6,100.8950366151342555
80,5,89.4308943089430894
996,4,98.8617886178861789
161,6,131.8993506493506494
728,7,157.8733766233766234
33,8,145.7860615883306321
92,5,79.8380566801619433
216,5,108.7783171521035599
900,5,109.2233009708737864
1439,6,121.1165048543689320
1075,7,156.4516129032258065
978,7,161.0797743755036261
456,7,141.3043478260869565
522,6,120.5787781350482315
1300,5,123.5955056179775281
1090,8,157.9791499599037690
220,7,134.0064102564102564
1023,5,69.7115384615384615
286,7,131.7600000000000000
815,5,92.8000000000000000
1173,7,137.5200000000000000
1275,5,111.2000000000000000
1084,6,127.8976818545163869
154,6,187.6996805111821086
185,5,101.4376996805111821
1092,7,127.7955271565495208
1137,6,95.0479233226837061
1426,6,113.4185303514376997
15,6,125.2992817238627294
781,7,140.4628890662410215
1460,5,117.4363057324840764
444,7,137.1224165341812401
1081,6,115.2623211446740859
1164,4,86.6128775834658188
1385,6,83.4658187599364070
1172,6,129.2624900872323553
2,6,143.8193343898573693
282,6,146.5927099841521395
1027,5,132.5158227848101266
1157,5,142.2134387351778656
526,7,139.0205371248025276
983,7,126.2993680884676145
369,5,104.1009463722397476
874,5,104.8895899053627760
912,5,113.1703470031545741
386,8,151.3002364066193853
494,5,122.1434200157604413
1011,5,106.2155782848151062
1312,7,159.3406593406593407
411,5,47.0219435736677116
467,7,130.7752545027407987
202,6,134.0891321344800625
1209,5,109.1192517537022603
205,5,85.6697819314641745
78,5,98.8326848249027237
797,6,111.6731517509727626
370,5,125.8741258741258741
401,8,190.6055900621118012
683,6,134.0046475600309837
521,4,82.1097372488408037
1310,6,138.4853168469860896
1403,7,149.8292117465224111
18,4,69.4444444444444444
134,8,169.7530864197530864
38,5,117.9645335389360062
1147,6,138.6748844375963020
382,7,144.3120676402767102
762,5,76.8639508070714835
226,5,86.0215053763440860
254,6,121.3517665130568356
1051,7,135.5491551459293395
1105,5,81.4132104454685100
1292,5,91.7818740399385561
491,5,88.1901840490797546
251,3,58.5758039816232772
902,5,117.1516079632465544
1043,6,150.0765696784073507
967,5,122.3241590214067278
811,6,138.2734912146676853
203,6,85.4961832061068702
402,7,125.9465648854961832
255,5,110.3500761035007610
283,7,157.9147640791476408
1096,6,134.2709284627092846
1158,7,175.0380517503805175
1218,8,174.6240487062404871
264,5,98.7841945288753799
923,6,129.1717325227963526
1052,7,152.0828267477203647
31,4,30.3720577069096431
374,5,93.2524639878695982
578,5,124.6212121212121212
752,7,122.7272727272727273
505,6,111.1951588502269289
41,6,120.8459214501510574
708,8,191.8429003021148036
1099,4,96.6767371601208459
133,5,113.6021100226073851
42,5,128.0120481927710843
218,4,80.5722891566265060
1287,6,107.6807228915662651
1336,6,125.8620689655172414
301,5,117.5149700598802395
558,4,80.8383233532934132
82,6,114.8092744951383695
745,8,134.6297681376215408
959,7,138.3694839192221391
1265,6,135.3777112939416604
1061,8,159.5665171898355755
20,5,103.8088125466766243
1282,7,134.4286781179985063
183,5,89.5522388059701493
416,7,135.1746268656716418
786,6,120.3427719821162444
1179,5,115.3387937453462398
150,5,85.5654761904761905
366,5,109.3750000000000000
421,7,153.4970238095238095
457,5,72.9166666666666667
945,6,102.3065476190476190
1039,4,72.1726190476190476
1425,5,107.1428571428571429
1449,4,83.2095096582466568
536,5,79.8069784706755754
129,6,114.9851632047477745
1203,5,86.7952522255192878
743,7,132.6908821349147517
630,6,124.8148148148148148
716,6,122.2222222222222222
359,5,96.1538461538461538
1195,6,116.8639053254437870
1318,7,154.5118343195266272
166,5,94.0959409594095941
1097,6,93.7269372693726937
1274,6,130.4347826086956522
334,7,152.4300441826215022
820,7,164.9484536082474227
55,5,95.5882352941176471
1018,8,137.8676470588235294
1334,5,92.2794117647058824
6,5,104.9926578560939794
174,6,119.6769456681350954
532,6,93.9794419970631424
690,6,142.9515418502202643
272,7,177.1826852531181218
511,5,120.9831254585473221
1409,4,92.0763022743947175
1057,7,136.2536656891495601
433,5,89.7435897435897436
1335,5,91.5750915750915751
391,5,87.0519385515727871
1256,6,93.2699341623994148
512,7,148.1469298245614035
597,6,83.7017543859649123
1307,7,148.0263157894736842
672,6,75.6756756756756757
63,8,147.8102189781021898
859,7,110.9489051094890511
865,7,182.6384839650145773
1371,4,76.4192139737991266
248,6,101.8181818181818182
602,6,102.5454545454545455
449,6,86.8459302325581395
1029,5,76.3081395348837209
509,7,116.8359941944847605
950,6,143.0123099203475742
171,5,92.9811866859623734
261,6,127.3516642547033285
976,7,119.3921852387843705
1200,4,107.0911722141823444
328,6,105.0253073029645698
894,5,119.3058568329718004
143,5,119.8555956678700361
758,6,114.6464646464646465
638,5,67.0511896178803172
426,7,97.1922246220302376
562,5,122.3902087832973362
700,7,140.9058231488138030
215,6,116.1997126436781609
561,5,87.2844827586206897
579,7,104.8850574712643678
663,6,79.0229885057471264
831,6,119.2528735632183908
888,5,97.2720746590093324
367,6,114.0602582496413199
1380,5,120.1578192252510760
1277,6,116.1290322580645161
290,6,110.0107449856733524
417,6,106.7857142857142857
598,7,138.5171184022824536
1252,7,122.2419928825622776
308,6,63.6557610241820768
633,7,58.4691708008504607
430,6,123.9376770538243626
1286,6,93.8385269121813031
1364,6,111.1416430594900850
237,7,131.1881188118811881
466,7,126.4073550212164074
535,8,125.8840169731258840
920,6,124.8231966053748232
845,5,108.6864406779661017
960,7,109.4632768361581921
1384,5,79.0960451977401130
1421,6,127.0480225988700565
689,8,276.2508809020436927
1117,8,129.7392529950669486
266,6,123.4177215189873418
627,5,98.3825597749648383
1445,7,126.3009845288326301
56,6,126.6666666666666667
861,7,133.2047685834502104
1074,6,111.8513323983169705
806,7,159.4397759103641457
974,7,127.4509803921568627
581,6,127.2918124562631211
112,7,125.8741258741258741
574,7,118.8811188811188811
783,7,130.8391608391608392
193,7,134.1719077568134172
368,6,115.3039832285115304
316,7,131.6340782122905028
741,5,92.1787709497206704
1165,5,135.4748603351955307
828,7,131.7991631799163180
217,7,146.2395543175487465
669,5,116.9102296450939457
1156,5,151.7049408489909534
243,5,54.8611111111111111
442,4,81.9444444444444444
943,4,104.1666666666666667
1430,6,127.0138888888888889
676,6,103.0534351145038168
1192,8,120.7494795281054823
206,7,125.1733703190013870
814,6,109.5006934812760055
998,6,128.2940360610263523
1107,7,124.7572815533980583
854,6,109.3425605536332180
559,7,121.0235131396957123
49,4,77.8236914600550964
1266,7,126.6528925619834711
352,7,130.7639366827253957
120,6,112.6304945054945055
196,6,101.9917582417582418
493,6,118.6710164835164835
709,7,123.3104395604395604
803,7,129.8076923076923077
852,8,147.6648351648351648
1073,5,62.8434065934065934
1161,6,100.2747252747252747
1196,6,120.8791208791208791
1345,7,107.0295329670329670
116,6,120.7133058984910837
659,6,66.8724279835390947
1083,7,131.5969842357779301
744,5,119.5355191256830601
1404,8,193.2527322404371585
931,8,137.1077762619372442
1077,5,115.9618008185538881
1152,5,102.2510231923601637
284,8,166.6212534059945504
654,6,91.8992511912865895
51,6,120.4081632653061224
96,6,125.8503401360544218
724,4,91.8367346938775510
756,6,117.2671651937457512
320,7,127.3777173913043478
1019,7,108.6956521739130435
1193,5,84.9184782608695652
589,5,97.0807875084860828
85,7,114.3147896879240163
1368,5,86.1016949152542373
671,6,117.5474254742547425
577,7,98.1719702098849018
348,6,106.5629228687415426
413,7,150.2029769959404601
1321,6,105.8863328822733424
68,7,152.8059499661933739
192,7,124.4083840432724814
389,7,129.1413116970926302
715,6,88.2352941176470588
858,6,117.4881836596893991
841,6,94.4669365721997301
1125,7,110.5937921727395412
1150,7,96.4912280701754386
488,5,117.9245283018867925
705,7,143.5309973045822102
785,6,86.2533692722371968
910,6,117.2506738544474394
966,6,120.5525606469002695
1240,8,179.1778975741239892
660,5,112.3822341857335128
240,6,75.9919300605245461
824,6,93.6870382807253190
825,8,156.2122229684351914
1272,6,124.7481531229012760
1225,7,123.4899328859060403
477,6,139.9196249162759545
14,7,187.0816599732262383
605,7,147.9250334672021419
753,6,145.2476572958500669
765,8,180.7228915662650602
1302,6,118.8085676037483266
1349,7,143.9089692101740295
545,7,120.0969251336898396
794,8,150.4010695187165775
221,7,136.7823765020026702
1085,6,125.1668891855807744
934,7,126.6666666666666667
994,6,115.9333333333333333
1395,7,164.3853333333333333
144,7,135.9093937375083278
311,6,110.3264490339773484
759,7,119.5203197868087941
471,8,141.1451398135818908
658,7,99.2010652463382157
1013,6,109.8535286284953395
1166,7,155.2396804260985353
1005,7,120.3457446808510638
1017,7,134.9734042553191489
1024,7,126.9946808510638298
362,5,96.3455149501661130
890,6,99.3355481727574751
766,9,175.3864541832669323
1020,7,141.7596281540504648
1230,5,84.2733908427339084
531,6,115.9708416169648774
617,6,121.4049039098740888
903,7,119.2842942345924453
652,4,71.5231788079470199
267,6,122.4354731965585705
624,6,111.4417989417989418
1398,5,90.8790482485128883
834,6,110.1583113456464380
109,5,75.8075148319050758
1245,8,151.6150296638101516
641,8,180.5006587615283267
628,6,100.6578947368421053
682,5,104.8907894736842105
1010,5,67.0170827858081472
1056,6,118.1877872619829284
1270,5,94.4881889763779528
1271,7,170.6036745406824147
181,6,116.0655737704918033
1391,7,154.0983606557377049
89,3,55.7011795543905636
1054,5,94.6920052424639581
750,4,64.0941792020928712
1128,7,169.2810457516339869
1362,7,169.9346405228758170
452,7,182.6484018264840183
103,5,77.5009771986970684
568,7,139.4136807817589577
895,5,77.4319218241042345
338,7,139.3229166666666667
1436,6,113.2075471698113208
695,5,91.9428200129954516
842,5,102.3391812865497076
163,7,142.7644386761842959
303,7,133.0304996755353666
763,7,139.1079508726567550
276,7,132.4289405684754522
963,6,100.1291989664082687
400,7,155.4838709677419355
223,6,115.9149484536082474
1122,7,137.1778350515463918
1247,7,120.0901481004507405
632,8,134.8133848133848134
230,7,123.7942122186495177
1127,7,111.8971061093247588
600,6,97.0437017994858612
1072,6,98.9717223650385604
560,7,150.2890173410404624
297,5,97.5609756097560976
1428,5,89.8587933247753530
837,5,98.4605516356638871
87,6,111.5384615384615385
277,7,128.8461538461538462
35,9,177.7706598334401025
83,8,156.7498400511836212
796,6,109.3350383631713555
1148,7,111.5728900255754476
241,8,167.6245210727969349
640,8,168.8328015315890236
1139,6,125.0797702616464582
1416,7,112.1096239643084767
1067,6,113.3036282622533418
1376,8,152.1323997453851050
405,6,106.8702290076335878
1185,5,118.7659033078880407
443,5,103.5600762873490146
585,4,84.5518118245390973
1281,7,144.3102352193261284
1359,6,112.8417037507946599
365,6,120.7115628970775095
1003,8,147.3951715374841169
285,6,113.7777777777777778
808,5,141.8147208121827411
990,7,125.0000000000000000
1146,5,94.5431472081218274
346,6,88.9029803424223209
492,6,84.2839036755386565
1452,8,181.9328263624841572
1159,8,148.8151898734177215
591,7,117.5094816687737042
1288,5,120.1011378002528445
1392,5,78.2828282828282828
125,6,114.1235813366960908
97,7,134.7607052896725441
372,4,84.6549118387909320
1331,8,142.9471032745591940
454,8,132.0754716981132075
190,8,179.5354676710608914
883,6,111.7388575015693660
1402,6,121.1550533584431890
355,6,87.7742946708463950
26,8,160.1875000000000000
29,5,129.6875000000000000
1135,6,105.6250000000000000
540,8,169.8938163647720175
1100,7,98.0637101811367895
1119,5,87.4453466583385384
422,6,134.2072409488139825
782,6,109.7317529631940112
258,7,137.1571072319201995
434,6,112.8428927680798005
1378,5,72.9426433915211970
75,3,66.9158878504672897
1400,6,85.4788557213930348
101,6,127.3291925465838509
1068,6,104.2209807572936065
777,7,137.2366790582403965
165,6,94.0594059405940594
731,8,146.3490099009900990
1304,7,143.5643564356435644
924,6,119.3568336425479283
406,4,92.5925925925925926
644,5,93.8271604938271605
1037,9,194.7530864197530864
339,7,124.9228871067242443
1191,4,103.5758323057953144
1188,8,161.3300492610837438
252,8,144.6153846153846154
349,7,94.7109471094710947
972,7,106.3960639606396064
1237,7,107.9335793357933579
333,8,174.3400859422958870
948,8,165.7458563535911602
1204,7,130.6748466257668712
1317,8,181.2840490797546012
274,6,85.1715686274509804
944,5,87.6225490196078431
1042,6,106.0049019607843137
1330,7,108.1495098039215686
469,8,152.9987760097919217
547,6,128.4403669724770642
987,6,71.5596330275229358
907,8,155.8679706601466993
335,6,117.2161172161172161
407,6,70.1647345942647956
253,6,105.4878048780487805
821,7,111.5853658536585366
1162,6,136.5853658536585366
315,7,108.4704448507007922
295,6,101.5815085158150852
427,7,167.2749391727493917
468,5,89.1119221411192214
853,7,99.6354799513973269
867,8,151.2150668286755772
1028,8,178.0540704738760632
1406,8,167.0716889428918591
566,6,77.7170613236187007
599,5,132.0582877959927140
1456,6,106.2537947783849423
175,6,111.4476075105996366
475,8,151.9370460048426150
787,5,84.1404358353510896
1182,8,237.5907990314769976
1306,9,196.7312348668280872
1034,7,139.0568319226118501
48,8,150.7850241545893720
172,6,129.8309178743961353
188,5,81.5217391304347826
1255,7,99.8792270531400966
1337,5,81.5217391304347826
1007,6,98.6722993361496681
1111,6,113.3896260554885404
1289,8,167.5708257986738999
464,6,113.6746987951807229
1189,7,117.4698795180722892
1210,8,174.6987951807228916
436,7,127.6339554485249849
816,7,135.4003612281757977
1372,6,99.6387718242022878
458,4,153.9386650631389056
371,6,103.6057692307692308
523,6,95.5528846153846154
1012,5,60.0961538461538462
1294,7,97.8966346153846154
651,7,123.6936936936936937
1016,8,136.3363363363363363
459,8,96.6386554621848739
249,7,107.9136690647482014
684,9,170.8633093525179856
1370,8,139.0887290167865707
1412,6,83.9328537170263789
904,7,143.7125748502994012
1168,6,103.5308198683423100
564,6,110.5137395459976105
1366,7,129.0322580645161290
1261,6,108.0597014925373134
668,6,115.2471709350804050
408,6,105.3571428571428571
543,7,126.9345238095238095
727,6,132.1428571428571429
1004,5,81.4910714285714286
136,7,103.4482758620689655
872,6,119.2033293697978597
892,6,102.4955436720142602
344,9,157.9572446555819477
925,6,123.0723606168446026
1397,5,94.8429164196799052
801,6,118.4834123222748815
446,6,75.4884547069271758
818,8,160.4499703966844287
1242,7,147.0266429840142096
1109,6,107.1005917159763314
1198,7,85.2071005917159763
381,5,75.1034890597279716
573,7,132.6832151300236407
7,8,181.2278630460448642
239,8,187.7213695395513577
1093,6,80.5785123966942149
1167,8,144.8347107438016529
207,5,84.8466981132075472
725,9,188.4570082449941107
1187,3,55.9152442613301942
34,5,97.3529411764705882
1208,6,117.6470588235294118
846,5,100.5291005291005291
1229,9,215.8014101057579318
28,8,179.5774647887323944
170,8,133.5676625659050967
1305,7,76.1124121779859485
146,6,76.0678759508484494
194,7,76.0678759508484494
886,9,192.4517261556465769
1089,7,80.4564072557050907
1,7,121.9298245614035088
64,7,81.8713450292397661
152,8,217.7789473684210526
470,6,109.3567251461988304
1009,7,140.3508771929824561
887,5,84.6962616822429907
200,8,160.4786923525977817
767,7,114.6441073512252042
292,5,79.1958041958041958
293,5,76.3403263403263403
653,7,111.3053613053613054
1352,6,99.6503496503496503
4,7,81.5375655212580082
553,8,148.8060570762958649
882,7,109.2020966802562609
73,7,107.6833527357392317
479,8,172.8754365541327125
995,10,196.4493597206053551
327,8,188.4816753926701571
58,7,114.2441860465116279
169,7,106.6860465116279070
749,7,151.3953488372093023
135,5,104.5903544450900639
921,6,116.7925624636839047
537,7,109.0487238979118329
1278,6,114.7911832946635731
1440,7,114.2028985507246377
197,7,180.6906141367323291
145,5,72.3379629629629630
257,6,120.0810185185185185
331,5,68.8657407407407407
455,5,108.7962962962962963
571,5,82.5231481481481481
740,7,109.9537037037037037
941,6,87.3263888888888889
102,6,102.7713625866050808
823,7,129.8326601269474899
1046,3,80.5539526832083093
142,7,149.9423298731257209
287,6,91.6955017301038062
985,5,72.6643598615916955
1116,8,183.3910034602076125
1363,4,60.3567318757192175
57,8,99.1949396204715354
1076,7,126.1494252873563218
721,8,157.8645235361653272
992,8,96.4408725602755454
299,6,100.4016064257028112
238,7,111.5252293577981651
1389,9,216.2084765177548683
631,5,70.8571428571428571
768,6,91.4285714285714286
46,9,182.5913242009132420
1212,8,93.6073059360730594
453,6,116.1731207289293850
687,7,129.4009085746734810
1383,7,89.1032917139614075
140,6,131.2358276643990930
645,9,210.0101925254813137
173,7,135.2574985851726089
79,4,77.2058823529411765
502,7,128.2239819004524887
736,7,92.1945701357466063
757,8,119.9095022624434389
800,5,98.9819004524886878
1241,7,127.2058823529411765
1049,5,64.9350649350649351
9,7,73.2243517474633596
677,4,49.0417136414881623
847,7,120.0000000000000000
729,5,61.9369369369369369
949,7,108.3896396396396396
1348,8,159.6075450450450450
855,5,95.5593029792017988
1202,7,111.2422709387296234
1236,5,77.8514573991031390
3,7,125.1399776035834267
95,6,114.6416573348264278
336,5,128.1914893617021277
1319,8,153.8891997761611640
929,8,132.2706935123042506
1263,4,90.3243847874720358
625,6,92.2625698324022346
1367,7,107.8212290502793296
259,7,129.1852678571428571
482,9,208.7053571428571429
1434,6,104.0736607142857143
1451,5,75.8928571428571429
23,8,128.1337047353760446
580,5,73.2590529247910864
1325,8,81.8941504178272981
519,6,117.4832962138084633
896,6,77.9510022271714922
383,7,118.8091263216471898
380,6,99.4444444444444444
701,8,173.6111111111111111
844,5,78.3333333333333333
964,9,132.7777777777777778
504,7,160.4664075513603554
738,8,133.2037756801776791
182,7,111.0432852386237514
1041,5,85.9678313921242374
1190,7,104.7671840354767184
1153,6,127.0016565433462176
398,5,93.5430463576158940
704,5,77.2626931567328918
105,7,93.2343234323432343
498,7,101.0989010989010989
1155,7,110.8791208791208791
707,7,165.5701754385964912
1264,6,98.9583333333333333
1284,6,76.2061403508771930
483,7,84.8849945235487404
596,8,174.6987951807228916
619,9,172.2171772428884026
833,7,129.5790049207217059
769,7,118.1029411764705882
1110,8,152.5054466230936819
541,9,171.3819368879216540
1431,5,104.5375408052230686
649,6,84.2849374660141381
674,6,140.0217509516041327
685,7,120.1740076128330614
1411,7,125.0000000000000000
54,9,209.0119435396308360
110,6,103.0368763557483731
1414,8,139.3709327548806941
1420,6,120.9327548806941432
1211,6,102.4390243902439024
1223,6,77.4647887323943662
1415,6,112.0129870129870130
481,9,176.2162162162162162
1058,7,134.0540540540540541
993,6,101.0264721772015127
139,8,124.1900647948164147
213,7,136.4352051835853132
111,6,73.8005390835579515
850,6,100.8086253369272237
379,9,212.5172413793103448
1339,7,107.4691026329930145
1197,7,117.6650563607085346
1355,7,126.0053619302949062
167,5,101.7675415104445635
1142,5,105.7280513918629550
1246,6,95.2890792291220557
351,9,170.1771000535045479
946,5,66.8271803103263777
246,7,129.0064102564102564
613,8,139.6901709401709402
1160,6,98.6140724946695096
448,7,105.9915164369034995
447,6,100.6355932203389831
1267,7,64.5844362096347274
965,7,113.4635691657866948
795,7,102.6385224274406332
1217,6,58.8853838065194532
1311,7,176.1303890641430074
601,8,144.4327731092436975
1399,5,72.4789915966386555
933,9,167.9790026246719160
341,8,106.3417190775681342
445,7,110.0628930817610063
507,8,112.5065410779696494
1394,6,85.2510460251046025
1344,6,92.5248301097752222
603,8,114.8825065274151436
291,8,121.5372589890568004
178,5,89.8437500000000000
1276,5,71.3541666666666667
1356,7,88.5416666666666667
337,9,196.3714880332986472
363,7,103.2778355879292404
1323,7,98.8039521580863235
360,8,145.5301455301455301
247,6,71.0580912863070539
375,7,113.8485477178423237
1031,5,82.9875518672199170
642,7,117.1591498185588388
1438,8,204.2531055900621118
1227,6,110.7087428867046042
461,8,136.1421188630490956
661,7,102.2739018087855297
666,8,119.0599173553719008
271,8,137.1841155234657040
988,9,203.7072164948453608
310,9,185.1851851851851852
159,7,130.9193631227529533
1238,7,100.1026694045174538
870,7,121.0877373011800924
298,7,122.5641025641025641
385,6,122.8878648233486943
1088,8,129.0322580645161290
219,7,159.4165813715455476
956,6,74.0551583248212462
1375,7,127.6813074565883555
138,7,87.2894333843797856
318,8,137.8254211332312404
1129,7,109.7498723838693211
235,6,110.4591836734693878
506,5,63.5204081632653061
392,6,109.6379398266190719
939,7,122.2217125382262997
1112,7,104.3788187372708758
1235,5,66.1914460285132383
158,8,136.9410569105691057
954,5,87.3983739837398374
472,7,96.4956830878618588
1290,8,142.6395939086294416
938,7,128.3612379502790462
775,8,200.2027369488089204
474,8,222.6720647773279352
1053,6,83.4597875569044006
928,7,88.9787664307381193
1360,9,159.0909090909090909
1131,4,68.1474003028773347
281,7,115.2875882946518668
1301,7,113.4644478063540091
606,7,103.2225579053373615
1257,8,151.7362858580775038
1055,8,128.2051282051282051
1060,6,110.4972375690607735
106,8,125.5020080321285141
153,6,95.3336678374310085
306,8,152.9500000000000000
914,5,72.4275724275724276
1443,10,154.4593921275535625
608,5,112.0517928286852590
793,7,134.0238450074515648
1268,9,187.5619425173439049
975,7,82.9618623080733036
516,10,199.4361386138613861
779,5,71.2871287128712871
1134,8,118.5643564356435644
1108,7,135.9351806036615537
280,7,94.9554896142433234
586,8,182.3964497041420118
989,6,96.0591133004926108
733,7,109.5519448547513540
1279,8,116.6912850812407681
65,7,107.9154375614552606
148,7,109.3366093366093366
314,7,184.1846758349705305
582,8,124.0416258570029383
555,7,138.8074291300097752
679,8,182.0625610948191593
132,6,118.7925998052580331
908,7,121.5362177929022849
1249,6,62.9251700680272109
177,6,102.4271844660194175
942,7,103.8834951456310680
209,7,134.3355965082444229
935,7,116.9647172547124215
1457,6,101.3024602026049204
1244,10,223.9884393063583815
410,8,163.4985563041385948
520,7,112.5000000000000000
629,5,64.9038461538461538
184,7,96.0614793467819404
788,7,111.8042226487523992
826,10,184.7408829174664107
790,6,89.8418782942022041
8,7,95.6937799043062201
686,7,99.2822966507177033
1448,8,114.8325358851674641
1410,7,102.7233635929288103
550,7,125.5969436485195798
415,7,108.7267525035765379
665,8,201.7167381974248927
1373,7,130.8059132093466857
754,8,131.3155386081982841
1169,6,111.4800759013282732
245,7,97.1563981042654028
1251,7,115.6398104265402844
1316,6,97.9640151515151515
655,8,165.6412683388547089
1382,6,112.1870571563533302
517,6,74.5634733364794714
279,9,195.8029231494578029
829,5,87.0178739416745061
919,7,111.8946873530794546
1427,7,127.4094969440526563
569,8,148.4990619136960600
329,6,100.5154639175257732
1224,5,64.5599250936329588
810,5,49.5790458372310571
81,6,90.3361344537815126
250,6,129.1977611940298507
47,7,111.5337366216845044
611,9,145.3785415699024617
1347,7,121.7532467532467532
131,7,104.7751506722299490
176,6,112.6042632066728452
168,8,150.6820916242480333
1254,7,135.6714351638209506
1343,8,105.3480866758875058
409,7,128.9134438305709024
546,7,104.9015116811726981
1059,9,153.3882783882783883
268,5,81.8886861313868613
1206,7,123.8160291438979964
5,8,113.7397634212920837
922,5,66.3181818181818182
1424,6,124.9295774647887324
67,7,81.5586769370185773
1133,6,53.1674208144796380
889,8,120.8840775823184484
71,7,109.7615834457939721
878,9,157.3741007194244604
199,6,46.6576940331987438
884,4,53.1390134529147982
179,9,224.6360787824529991
930,7,99.2844364937388193
898,5,63.8183035714285714
307,7,100.3120820329915292
747,7,104.6099290780141844
114,6,96.0602036299247455
1066,7,145.1327433628318584
620,8,134.8364279398762157
294,7,103.8444542642509943
404,8,114.0079540433053469
1038,8,126.8228015908086611
222,6,88.2223202470224967
273,8,127.7533039647577093
911,5,67.8540017590149516
542,8,108.5339168490153173
70,7,98.3821600349803236
984,8,111.7467248908296943
1417,4,53.4934497816593886
94,6,58.4460934089917067
256,7,100.3928415539065910
565,7,116.7755991285403050
592,10,196.8423344947735192
115,6,111.8534482758620690
869,5,72.8448275862068966
12,9,148.4509466437177281
1044,7,112.6148561614426793
390,10,182.6758147512864494
1063,5,38.5109114249037227
1458,7,113.8888888888888889
518,7,113.0546075085324232
1175,6,101.9189765458422175
317,7,110.4972375690607735
849,6,101.7811704834605598
1350,8,51.7387616624257846
899,9,258.7381556683587140
764,8,142.4947145877378436
1293,5,45.3204047217537943
927,8,120.0505475989890480
21,8,136.9107744107744108
667,6,54.2016806722689076
225,10,161.4757525083612040
991,8,145.4849498327759197
525,7,131.6722268557130942
441,10,231.0574521232306411
940,7,101.7062005826050770
489,5,66.2800331400165700
86,8,107.5713694662805130
719,7,141.0256410256410256
1285,6,69.0641601961585615
662,8,164.2156862745098039
1418,8,138.7755102040816327
36,8,126.0195758564437194
302,8,108.8907014681892333
160,7,129.9756295694557271
378,8,137.8751013787510138
322,8,143.4359805510534846
66,8,128.1843914274160938
1396,8,113.3009669621273167
567,9,129.7923322683706070
1181,7,99.4431185361972951
530,6,79.7709741550695825
693,7,132.9892814608971814
227,7,115.0793650793650794
1033,8,123.0158730158730159
1069,6,60.0555335184450615
1045,8,110.1426307448494453
1303,8,114.8060174188440222
1388,6,53.8400633412509897
760,8,114.5792177005136310
717,7,62.4510571652310102
1441,6,74.7553816046966732
262,8,107.2261072261072261
703,8,140.4965062111801242
321,9,131.9888289676425270
1314,9,128.1908426317814544
1361,5,72.6643598615916955
876,8,116.2747126436781609
982,8,128.6370597243491577
622,6,91.8133129303749044
1231,5,72.5190839694656489
1106,8,123.9511823035850496
418,6,91.0823170731707317
424,8,119.7718631178707224
1374,10,177.1743258640334220
1351,5,75.9301442672741078
748,7,100.7496212121212121
478,9,143.7760121074536512
319,7,98.2615268329554044
860,6,94.1974378296910324
162,9,154.6101949025487256
113,7,142.4221068249258160
643,8,127.5887573964497041
528,9,164.4898636196092886
746,8,110.4235727440147330
191,8,115.5115511551155116
350,9,160.2470674486803519
323,7,110.2564102564102564
584,10,117.1171171171171171
1387,7,89.7988505747126437
1329,6,91.6905444126074499
232,8,144.2376521116678597
1313,8,107.4733096085409253
804,9,206.5673281360737066
1143,8,150.2369165487977369
1047,9,194.0658995815899582
962,6,94.7075208913649025
1176,8,99.2339832869080780
1025,8,99.0338164251207729
59,10,148.9915110356536503
325,7,81.2625923438549362
1032,7,63.9195327709279689
1174,5,64.9708360337005833
198,8,75.5141388174807198
799,9,154.4585987261146497
609,8,112.4295554164057608
119,7,99.3171942892613284
497,8,133.2094175960346964
1354,8,126.6213712168004941
770,8,164.0744129307715767
636,6,58.9101620029455081
1269,8,110.5308964316797215
305,7,84.4546235327798454
186,10,131.6518847006651885
1170,10,172.3187207058174800
692,10,174.9304911955514365
1183,10,166.4432529043789097
524,10,39.5102651839178785
1299,10,28.3587380361573910
